time,x,height
0.0,0.02,10.0
0.01,0.04,9.999019
0.02,0.06,9.997057
0.03,0.08,9.994114
0.04,0.1,9.99019
0.05,0.12000000000000001,9.985285
0.060000000000000005,0.14,9.979398999999999
0.07,0.16,9.972532
0.08,0.18,9.964684
0.09,0.19999999999999998,9.955855
0.09999999999999999,0.21999999999999997,9.946045
0.10999999999999999,0.23999999999999996,9.935254
0.11999999999999998,0.25999999999999995,9.923482
0.12999999999999998,0.27999999999999997,9.910729
0.13999999999999999,0.3,9.896995
0.15,0.32,9.88228
0.16,0.34,9.866584
0.17,0.36000000000000004,9.849907
0.18000000000000002,0.38000000000000006,9.832249
0.19000000000000003,0.4000000000000001,9.813609999999999
0.20000000000000004,0.4200000000000001,9.793989999999999
0.21000000000000005,0.4400000000000001,9.773389
0.22000000000000006,0.46000000000000013,9.751807
0.23000000000000007,0.48000000000000015,9.729244
0.24000000000000007,0.5000000000000001,9.7057
0.25000000000000006,0.5200000000000001,9.681175
0.26000000000000006,0.5400000000000001,9.655669
0.2700000000000001,0.5600000000000002,9.629182
0.2800000000000001,0.5800000000000002,9.601714
0.2900000000000001,0.6000000000000002,9.573265
0.3000000000000001,0.6200000000000002,9.543835
0.3100000000000001,0.6400000000000002,9.513423999999999
0.3200000000000001,0.6600000000000003,9.482031999999998
0.3300000000000001,0.6800000000000003,9.449658999999999
0.34000000000000014,0.7000000000000003,9.416305
0.35000000000000014,0.7200000000000003,9.381969999999999
0.36000000000000015,0.7400000000000003,9.346654
0.37000000000000016,0.7600000000000003,9.310357
0.38000000000000017,0.7800000000000004,9.273079
0.3900000000000002,0.8000000000000004,9.23482
0.4000000000000002,0.8200000000000004,9.19558
0.4100000000000002,0.8400000000000004,9.155358999999999
0.4200000000000002,0.8600000000000004,9.114156999999999
0.4300000000000002,0.8800000000000004,9.071973999999999
0.4400000000000002,0.9000000000000005,9.028809999999998
0.45000000000000023,0.9200000000000005,8.984664999999998
0.46000000000000024,0.9400000000000005,8.939538999999998
0.47000000000000025,0.9600000000000005,8.893431999999999
0.48000000000000026,0.9800000000000005,8.846343999999998
0.49000000000000027,1.0000000000000004,8.798274999999999
0.5000000000000002,1.0200000000000005,8.749225
0.5100000000000002,1.0400000000000005,8.699193999999999
0.5200000000000002,1.0600000000000005,8.648181999999998
0.5300000000000002,1.0800000000000005,8.596188999999999
0.5400000000000003,1.1000000000000005,8.543214999999998
0.5500000000000003,1.1200000000000006,8.489259999999998
0.5600000000000003,1.1400000000000006,8.434323999999998
0.5700000000000003,1.1600000000000006,8.378407
0.5800000000000003,1.1800000000000006,8.321508999999999
0.5900000000000003,1.2000000000000006,8.26363
0.6000000000000003,1.2200000000000006,8.20477
0.6100000000000003,1.2400000000000007,8.144929
0.6200000000000003,1.2600000000000007,8.084107
0.6300000000000003,1.2800000000000007,8.022304
0.6400000000000003,1.3000000000000007,7.95952
0.6500000000000004,1.3200000000000007,7.895755
0.6600000000000004,1.3400000000000007,7.831009000000001
0.6700000000000004,1.3600000000000008,7.765282000000001
0.6800000000000004,1.3800000000000008,7.698574000000001
0.6900000000000004,1.4000000000000008,7.630885000000001
0.7000000000000004,1.4200000000000008,7.562215000000001
0.7100000000000004,1.4400000000000008,7.492564000000002
0.7200000000000004,1.4600000000000009,7.421932000000002
0.7300000000000004,1.4800000000000009,7.350319000000002
0.7400000000000004,1.5000000000000009,7.277725000000002
0.7500000000000004,1.520000000000001,7.204150000000002
0.7600000000000005,1.540000000000001,7.129594000000002
0.7700000000000005,1.560000000000001,7.054057000000002
0.7800000000000005,1.580000000000001,6.977539000000002
0.7900000000000005,1.600000000000001,6.900040000000002
0.8000000000000005,1.620000000000001,6.8215600000000025
0.8100000000000005,1.640000000000001,6.742099000000002
0.8200000000000005,1.660000000000001,6.661657000000003
0.8300000000000005,1.680000000000001,6.580234000000003
0.8400000000000005,1.700000000000001,6.497830000000003
0.8500000000000005,1.720000000000001,6.414445000000003
0.8600000000000005,1.740000000000001,6.330079000000003
0.8700000000000006,1.7600000000000011,6.2447320000000035
0.8800000000000006,1.7800000000000011,6.1584040000000035
0.8900000000000006,1.8000000000000012,6.071095000000003
0.9000000000000006,1.8200000000000012,5.9828050000000035
0.9100000000000006,1.8400000000000012,5.893534000000003
0.9200000000000006,1.8600000000000012,5.803282000000004
0.9300000000000006,1.8800000000000012,5.712049000000004
0.9400000000000006,1.9000000000000012,5.619835000000004
0.9500000000000006,1.9200000000000013,5.526640000000004
0.9600000000000006,1.9400000000000013,5.432464000000004
0.9700000000000006,1.9600000000000013,5.337307000000004
0.9800000000000006,1.9800000000000013,5.241169000000004
0.9900000000000007,2.0000000000000013,5.144050000000004
1.0000000000000007,2.0200000000000014,5.045950000000004
1.0100000000000007,2.0400000000000014,4.946869000000004
1.0200000000000007,2.0600000000000014,4.846807000000004
1.0300000000000007,2.0800000000000014,4.745764000000004
1.0400000000000007,2.1000000000000014,4.643740000000004
1.0500000000000007,2.1200000000000014,4.540735000000004
1.0600000000000007,2.1400000000000015,4.436749000000004
1.0700000000000007,2.1600000000000015,4.331782000000004
1.0800000000000007,2.1800000000000015,4.225834000000004
1.0900000000000007,2.2000000000000015,4.118905000000004
1.1000000000000008,2.2200000000000015,4.010995000000004
1.1100000000000008,2.2400000000000015,3.902104000000004
1.1200000000000008,2.2600000000000016,3.792232000000004
1.1300000000000008,2.2800000000000016,3.6813790000000037
1.1400000000000008,2.3000000000000016,3.5695450000000037
1.1500000000000008,2.3200000000000016,3.456730000000004
1.1600000000000008,2.3400000000000016,3.3429340000000036
1.1700000000000008,2.3600000000000017,3.2281570000000035
1.1800000000000008,2.3800000000000017,3.1123990000000035
1.1900000000000008,2.4000000000000017,2.9956600000000035
1.2000000000000008,2.4200000000000017,2.8779400000000033
1.2100000000000009,2.4400000000000017,2.759239000000003
1.2200000000000009,2.4600000000000017,2.639557000000003
1.2300000000000009,2.4800000000000018,2.518894000000003
1.2400000000000009,2.5000000000000018,2.3972500000000028
1.2500000000000009,2.520000000000002,2.2746250000000026
1.260000000000001,2.540000000000002,2.1510190000000025
1.270000000000001,2.560000000000002,2.0264320000000025
1.280000000000001,2.580000000000002,1.9008640000000023
1.290000000000001,2.600000000000002,1.7743150000000023
1.300000000000001,2.620000000000002,1.6467850000000022
1.310000000000001,2.640000000000002,1.5182740000000021
1.320000000000001,2.660000000000002,1.388782000000002
1.330000000000001,2.680000000000002,1.258309000000002
1.340000000000001,2.700000000000002,1.1268550000000017
1.350000000000001,2.720000000000002,0.9944200000000015
1.360000000000001,2.740000000000002,0.8610040000000013
1.370000000000001,2.760000000000002,0.7266070000000011
1.380000000000001,2.780000000000002,0.5912290000000009
1.390000000000001,2.800000000000002,0.4548700000000007
1.400000000000001,2.820000000000002,0.31753000000000053
1.410000000000001,2.840000000000002,0.17920900000000034
1.420000000000001,2.860000000000002,0.03990700000000014
1.430000000000001,2.880000000000002,0
1.440000000000001,2.900000000000002,0.11301120000000017
1.450000000000001,2.920000000000002,0.22504140000000034
1.460000000000001,2.940000000000002,0.3360906000000005
1.470000000000001,2.960000000000002,0.4461588000000007
1.480000000000001,2.980000000000002,0.5552460000000008
1.490000000000001,3.000000000000002,0.663352200000001
1.500000000000001,3.0200000000000022,0.7704774000000011
1.5100000000000011,3.0400000000000023,0.8766216000000012
1.5200000000000011,3.0600000000000023,0.9817848000000013
1.5300000000000011,3.0800000000000023,1.0859670000000015
1.5400000000000011,3.1000000000000023,1.1891682000000017
1.5500000000000012,3.1200000000000023,1.2913884000000018
1.5600000000000012,3.1400000000000023,1.392627600000002
1.5700000000000012,3.1600000000000024,1.492885800000002
1.5800000000000012,3.1800000000000024,1.5921630000000022
1.5900000000000012,3.2000000000000024,1.6904592000000023
1.6000000000000012,3.2200000000000024,1.7877744000000024
1.6100000000000012,3.2400000000000024,1.8841086000000025
1.6200000000000012,3.2600000000000025,1.9794618000000026
1.6300000000000012,3.2800000000000025,2.073834000000003
1.6400000000000012,3.3000000000000025,2.167225200000003
1.6500000000000012,3.3200000000000025,2.259635400000003
1.6600000000000013,3.3400000000000025,2.351064600000003
1.6700000000000013,3.3600000000000025,2.441512800000003
1.6800000000000013,3.3800000000000026,2.530980000000003
1.6900000000000013,3.4000000000000026,2.6194662000000033
1.7000000000000013,3.4200000000000026,2.706971400000003
1.7100000000000013,3.4400000000000026,2.793495600000003
1.7200000000000013,3.4600000000000026,2.879038800000003
1.7300000000000013,3.4800000000000026,2.9636010000000033
1.7400000000000013,3.5000000000000027,3.047182200000003
1.7500000000000013,3.5200000000000027,3.129782400000003
1.7600000000000013,3.5400000000000027,3.211401600000003
1.7700000000000014,3.5600000000000027,3.292039800000003
1.7800000000000014,3.5800000000000027,3.3716970000000033
1.7900000000000014,3.6000000000000028,3.450373200000003
1.8000000000000014,3.6200000000000028,3.528068400000003
1.8100000000000014,3.640000000000003,3.604782600000003
1.8200000000000014,3.660000000000003,3.6805158000000033
1.8300000000000014,3.680000000000003,3.755268000000003
1.8400000000000014,3.700000000000003,3.829039200000003
1.8500000000000014,3.720000000000003,3.901829400000003
1.8600000000000014,3.740000000000003,3.9736386000000032
1.8700000000000014,3.760000000000003,4.044466800000003
1.8800000000000014,3.780000000000003,4.114314000000003
1.8900000000000015,3.800000000000003,4.183180200000003
1.9000000000000015,3.820000000000003,4.251065400000003
1.9100000000000015,3.840000000000003,4.317969600000003
1.9200000000000015,3.860000000000003,4.3838928000000035
1.9300000000000015,3.880000000000003,4.448835000000003
1.9400000000000015,3.900000000000003,4.512796200000004
1.9500000000000015,3.920000000000003,4.575776400000004
1.9600000000000015,3.940000000000003,4.637775600000004
1.9700000000000015,3.960000000000003,4.698793800000004
1.9800000000000015,3.980000000000003,4.758831000000004
1.9900000000000015,4.000000000000003,4.817887200000004
2.0000000000000013,4.020000000000002,4.875962400000004
2.010000000000001,4.040000000000002,4.933056600000004
2.020000000000001,4.060000000000001,4.989169800000004
2.0300000000000007,4.080000000000001,5.0443020000000045
2.0400000000000005,4.1000000000000005,5.098453200000004
2.0500000000000003,4.12,5.1516234000000045
2.06,4.14,5.2038126000000045
2.07,4.159999999999999,5.255020800000005
2.0799999999999996,4.179999999999999,5.305248000000005
2.0899999999999994,4.199999999999998,5.354494200000005
2.099999999999999,4.219999999999998,5.402759400000005
2.109999999999999,4.2399999999999975,5.450043600000005
2.1199999999999988,4.259999999999997,5.496346800000006
2.1299999999999986,4.279999999999997,5.541669000000006
2.1399999999999983,4.299999999999996,5.586010200000006
2.149999999999998,4.319999999999996,5.629370400000006
2.159999999999998,4.339999999999995,5.671749600000006
2.1699999999999977,4.359999999999995,5.713147800000006
2.1799999999999975,4.379999999999995,5.753565000000006
2.1899999999999973,4.399999999999994,5.793001200000006
2.199999999999997,4.419999999999994,5.831456400000007
2.209999999999997,4.439999999999993,5.868930600000007
2.2199999999999966,4.459999999999993,5.9054238000000066
2.2299999999999964,4.479999999999992,5.940936000000007
2.239999999999996,4.499999999999992,5.975467200000007
2.249999999999996,4.519999999999992,6.009017400000007
2.259999999999996,4.539999999999991,6.041586600000008
2.2699999999999956,4.559999999999991,6.073174800000007
2.2799999999999954,4.57999999999999,6.103782000000008
2.289999999999995,4.59999999999999,6.133408200000008
2.299999999999995,4.6199999999999894,6.162053400000008
2.3099999999999947,4.639999999999989,6.189717600000008
2.3199999999999945,4.659999999999989,6.216400800000008
2.3299999999999943,4.679999999999988,6.242103000000008
2.339999999999994,4.699999999999988,6.266824200000008
2.349999999999994,4.719999999999987,6.290564400000008
2.3599999999999937,4.739999999999987,6.313323600000008
2.3699999999999934,4.7599999999999865,6.335101800000008
2.3799999999999932,4.779999999999986,6.355899000000009
2.389999999999993,4.799999999999986,6.375715200000009
2.399999999999993,4.819999999999985,6.394550400000009
2.4099999999999926,4.839999999999985,6.412404600000009
2.4199999999999924,4.859999999999984,6.429277800000009
2.429999999999992,4.879999999999984,6.445170000000009
2.439999999999992,4.8999999999999835,6.460081200000009
2.4499999999999917,4.919999999999983,6.474011400000009
2.4599999999999915,4.939999999999983,6.4869606000000095
2.4699999999999913,4.959999999999982,6.49892880000001
2.479999999999991,4.979999999999982,6.509916000000009
2.489999999999991,4.999999999999981,6.51992220000001
2.4999999999999907,5.019999999999981,6.52894740000001
2.5099999999999905,5.0399999999999805,6.53699160000001
2.5199999999999902,5.05999999999998,6.54405480000001
2.52999999999999,5.07999999999998,6.55013700000001
2.53999999999999,5.099999999999979,6.5552382000000105
2.5499999999999896,5.119999999999979,6.5593584000000105
2.5599999999999894,5.139999999999978,6.562497600000011
2.569999999999989,5.159999999999978,6.564655800000011
2.579999999999989,5.1799999999999775,6.565833000000011
2.5899999999999888,5.199999999999977,6.566029200000012
2.5999999999999885,5.219999999999977,6.565244400000012
2.6099999999999883,5.239999999999976,6.563478600000011
2.619999999999988,5.259999999999976,6.560731800000012
2.629999999999988,5.279999999999975,6.557004000000012
2.6399999999999877,5.299999999999975,6.552295200000012
2.6499999999999875,5.3199999999999745,6.546605400000012
2.6599999999999873,5.339999999999974,6.539934600000012
2.669999999999987,5.359999999999974,6.532282800000012
2.679999999999987,5.379999999999973,6.523650000000012
2.6899999999999866,5.399999999999973,6.514036200000013
2.6999999999999864,5.419999999999972,6.503441400000013
2.709999999999986,5.439999999999972,6.491865600000013
2.719999999999986,5.4599999999999715,6.479308800000013
2.7299999999999858,5.479999999999971,6.4657710000000135
2.7399999999999856,5.499999999999971,6.451252200000013
2.7499999999999853,5.51999999999997,6.4357524000000135
2.759999999999985,5.53999999999997,6.419271600000013
2.769999999999985,5.559999999999969,6.401809800000014
2.7799999999999847,5.579999999999969,6.383367000000014
2.7899999999999845,5.599999999999969,6.363943200000014
2.7999999999999843,5.619999999999968,6.343538400000014
2.809999999999984,5.639999999999968,6.322152600000014
2.819999999999984,5.659999999999967,6.299785800000015
2.8299999999999836,5.679999999999967,6.276438000000015
2.8399999999999834,5.699999999999966,6.252109200000015
2.849999999999983,5.719999999999966,6.226799400000015
2.859999999999983,5.739999999999966,6.200508600000015
2.869999999999983,5.759999999999965,6.173236800000015
2.8799999999999826,5.779999999999965,6.144984000000015
2.8899999999999824,5.799999999999964,6.115750200000015
2.899999999999982,5.819999999999964,6.0855354000000155
2.909999999999982,5.839999999999963,6.054339600000016
2.9199999999999817,5.859999999999963,6.022162800000015
2.9299999999999815,5.879999999999963,5.989005000000016
2.9399999999999813,5.899999999999962,5.954866200000016
2.949999999999981,5.919999999999962,5.919746400000016
2.959999999999981,5.939999999999961,5.883645600000016
2.9699999999999807,5.959999999999961,5.846563800000016
2.9799999999999804,5.9799999999999605,5.808501000000017
2.9899999999999802,5.99999999999996,5.769457200000017
2.99999999999998,6.01999999999996,5.729432400000016
3.00999999999998,6.039999999999959,5.6884266000000165
3.0199999999999796,6.059999999999959,5.646439800000016
3.0299999999999794,6.079999999999958,5.603472000000017
3.039999999999979,6.099999999999958,5.559523200000017
3.049999999999979,6.1199999999999575,5.514593400000017
3.0599999999999787,6.139999999999957,5.468682600000017
3.0699999999999785,6.159999999999957,5.421790800000017
3.0799999999999783,6.179999999999956,5.3739180000000175
3.089999999999978,6.199999999999956,5.325064200000018
3.099999999999978,6.219999999999955,5.2752294000000175
3.1099999999999777,6.239999999999955,5.224413600000018
3.1199999999999775,6.2599999999999545,5.172616800000018
3.1299999999999772,6.279999999999954,5.1198390000000185
3.139999999999977,6.299999999999954,5.066080200000019
3.149999999999977,6.319999999999953,5.011340400000019
3.1599999999999766,6.339999999999953,4.955619600000019
3.1699999999999764,6.359999999999952,4.898917800000019
3.179999999999976,6.379999999999952,4.841235000000019
3.189999999999976,6.3999999999999515,4.782571200000019
3.1999999999999758,6.419999999999951,4.722926400000019
3.2099999999999755,6.439999999999951,4.66230060000002
3.2199999999999753,6.45999999999995,4.60069380000002
3.229999999999975,6.47999999999995,4.5381060000000195
3.239999999999975,6.499999999999949,4.47453720000002
3.2499999999999747,6.519999999999949,4.40998740000002
3.2599999999999745,6.5399999999999485,4.34445660000002
3.2699999999999743,6.559999999999948,4.277944800000021
3.279999999999974,6.579999999999948,4.2104520000000205
3.289999999999974,6.599999999999947,4.141978200000021
3.2999999999999736,6.619999999999947,4.072523400000021
3.3099999999999734,6.639999999999946,4.002087600000022
3.319999999999973,6.659999999999946,3.930670800000022
3.329999999999973,6.6799999999999455,3.8582730000000223
3.3399999999999728,6.699999999999945,3.7848942000000223
3.3499999999999726,6.719999999999945,3.7105344000000224
3.3599999999999723,6.739999999999944,3.6351936000000227
3.369999999999972,6.759999999999944,3.558871800000023
3.379999999999972,6.779999999999943,3.4815690000000235
3.3899999999999717,6.799999999999943,3.4032852000000235
3.3999999999999715,6.8199999999999426,3.3240204000000237
3.4099999999999713,6.839999999999942,3.243774600000024
3.419999999999971,6.859999999999942,3.1625478000000244
3.429999999999971,6.879999999999941,3.0803400000000245
3.4399999999999706,6.899999999999941,2.9971512000000247
3.4499999999999704,6.91999999999994,2.912981400000025
3.45999999999997,6.93999999999994,2.8278306000000253
3.46999999999997,6.95999999999994,2.7416988000000253
3.47999999999997,6.979999999999939,2.6545860000000254
3.4899999999999696,6.999999999999939,2.5664922000000256
3.4999999999999694,7.019999999999938,2.477417400000026
3.509999999999969,7.039999999999938,2.387361600000026
3.519999999999969,7.059999999999937,2.296324800000026
3.5299999999999687,7.079999999999937,2.204307000000026
3.5399999999999685,7.099999999999937,2.1113082000000265
3.5499999999999683,7.119999999999936,2.017328400000027
3.559999999999968,7.139999999999936,1.9223676000000272
3.569999999999968,7.159999999999935,1.8264258000000273
3.5799999999999677,7.179999999999935,1.7295030000000275
3.5899999999999674,7.1999999999999345,1.6315992000000277
3.5999999999999672,7.219999999999934,1.532714400000028
3.609999999999967,7.239999999999934,1.432848600000028
3.619999999999967,7.259999999999933,1.3320018000000282
3.6299999999999666,7.279999999999933,1.2301740000000283
3.6399999999999664,7.299999999999932,1.1273652000000285
3.649999999999966,7.319999999999932,1.0235754000000286
3.659999999999966,7.3399999999999315,0.9188046000000287
3.6699999999999657,7.359999999999931,0.8130528000000288
3.6799999999999655,7.379999999999931,0.7063200000000289
3.6899999999999653,7.39999999999993,0.5986062000000291
3.699999999999965,7.41999999999993,0.48991140000002914
3.709999999999965,7.439999999999929,0.3802356000000292
3.7199999999999647,7.459999999999929,0.2695788000000293
3.7299999999999645,7.4799999999999285,0.1579410000000294
3.7399999999999642,7.499999999999928,0.04532220000002947
3.749999999999964,7.519999999999928,0
3.759999999999964,7.539999999999927,0.09166463999999996
3.7699999999999636,7.559999999999927,0.18234827999999992
3.7799999999999634,7.579999999999926,0.27205091999999986
3.789999999999963,7.599999999999926,0.3607725599999998
3.799999999999963,7.6199999999999255,0.4485131999999997
3.8099999999999627,7.639999999999925,0.5352728399999996
3.8199999999999625,7.659999999999925,0.6210514799999995
3.8299999999999623,7.679999999999924,0.7058491199999994
3.839999999999962,7.699999999999924,0.7896657599999993
3.849999999999962,7.719999999999923,0.8725013999999992
3.8599999999999617,7.739999999999923,0.9543560399999991
3.8699999999999615,7.7599999999999225,1.035229679999999
3.8799999999999613,7.779999999999922,1.115122319999999
3.889999999999961,7.799999999999922,1.1940339599999987
3.899999999999961,7.819999999999921,1.2719645999999987
3.9099999999999606,7.839999999999921,1.3489142399999985
3.9199999999999604,7.85999999999992,1.4248828799999984
3.92999999999996,7.87999999999992,1.4998705199999984
3.93999999999996,7.8999999999999195,1.5738771599999983
3.9499999999999598,7.919999999999919,1.6469027999999983
3.9599999999999596,7.939999999999919,1.7189474399999982
3.9699999999999593,7.959999999999918,1.7900110799999982
3.979999999999959,7.979999999999918,1.860093719999998
3.989999999999959,7.999999999999917,1.929195359999998
3.9999999999999587,8.019999999999918,1.9973159999999979
4.009999999999959,8.039999999999917,2.064455639999998
4.019999999999959,8.059999999999917,2.130614279999998
4.0299999999999585,8.079999999999917,2.195791919999998
4.039999999999958,8.099999999999916,2.259988559999998
4.049999999999958,8.119999999999916,2.323204199999998
4.059999999999958,8.139999999999915,2.3854388399999977
4.069999999999958,8.159999999999915,2.4466924799999976
4.079999999999957,8.179999999999914,2.5069651199999976
4.089999999999957,8.199999999999914,2.5662567599999977
4.099999999999957,8.219999999999914,2.624567399999998
4.109999999999957,8.239999999999913,2.6818970399999977
4.119999999999957,8.259999999999913,2.7382456799999977
4.129999999999956,8.279999999999912,2.7936133199999977
4.139999999999956,8.299999999999912,2.847999959999998
4.149999999999956,8.319999999999911,2.9014055999999977
4.159999999999956,8.339999999999911,2.9538302399999976
4.1699999999999555,8.35999999999991,3.0052738799999976
4.179999999999955,8.37999999999991,3.0557365199999977
4.189999999999955,8.39999999999991,3.105218159999998
4.199999999999955,8.41999999999991,3.153718799999998
4.209999999999955,8.439999999999909,3.201238439999998
4.2199999999999545,8.459999999999908,3.247777079999998
4.229999999999954,8.479999999999908,3.293334719999998
4.239999999999954,8.499999999999908,3.337911359999998
4.249999999999954,8.519999999999907,3.381506999999998
4.259999999999954,8.539999999999907,3.424121639999998
4.269999999999953,8.559999999999906,3.465755279999998
4.279999999999953,8.579999999999906,3.5064079199999982
4.289999999999953,8.599999999999905,3.546079559999998
4.299999999999953,8.619999999999905,3.584770199999998
4.3099999999999525,8.639999999999905,3.6224798399999982
4.319999999999952,8.659999999999904,3.6592084799999984
4.329999999999952,8.679999999999904,3.6949561199999983
4.339999999999952,8.699999999999903,3.7297227599999982
4.349999999999952,8.719999999999903,3.7635083999999983
4.3599999999999515,8.739999999999903,3.7963130399999985
4.369999999999951,8.759999999999902,3.8281366799999987
4.379999999999951,8.779999999999902,3.8589793199999987
4.389999999999951,8.799999999999901,3.8888409599999987
4.399999999999951,8.8199999999999,3.917721599999999
4.40999999999995,8.8399999999999,3.945621239999999
4.41999999999995,8.8599999999999,3.972539879999999
4.42999999999995,8.8799999999999,3.998477519999999
4.43999999999995,8.899999999999899,4.023434159999999
4.4499999999999496,8.919999999999899,4.047409799999999
4.459999999999949,8.939999999999898,4.070404439999999
4.469999999999949,8.959999999999898,4.092418079999999
4.479999999999949,8.979999999999897,4.113450719999999
4.489999999999949,8.999999999999897,4.133502359999999
4.4999999999999485,9.019999999999897,4.1525729999999985
4.509999999999948,9.039999999999896,4.170662639999999
4.519999999999948,9.059999999999896,4.187771279999999
4.529999999999948,9.079999999999895,4.2038989199999985
4.539999999999948,9.099999999999895,4.219045559999999
4.549999999999947,9.119999999999894,4.233211199999999
4.559999999999947,9.139999999999894,4.246395839999999
4.569999999999947,9.159999999999894,4.258599479999999
4.579999999999947,9.179999999999893,4.269822119999999
4.589999999999947,9.199999999999893,4.280063759999999
4.599999999999946,9.219999999999892,4.289324399999999
4.609999999999946,9.239999999999892,4.297604039999999
4.619999999999946,9.259999999999891,4.304902679999999
4.629999999999946,9.279999999999891,4.3112203199999986
4.6399999999999455,9.29999999999989,4.316556959999999
4.649999999999945,9.31999999999989,4.320912599999999
4.659999999999945,9.33999999999989,4.3242872399999985
4.669999999999945,9.35999999999989,4.326680879999999
4.679999999999945,9.379999999999889,4.328093519999999
4.689999999999944,9.399999999999888,4.328525159999999
4.699999999999944,9.419999999999888,4.327975799999999
4.709999999999944,9.439999999999888,4.326445439999999
4.719999999999944,9.459999999999887,4.323934079999999
4.729999999999944,9.479999999999887,4.320441719999999
4.739999999999943,9.499999999999886,4.315968359999999
4.749999999999943,9.519999999999886,4.3105139999999995
4.759999999999943,9.539999999999885,4.304078639999999
4.769999999999943,9.559999999999885,4.29666228
4.7799999999999425,9.579999999999885,4.28826492
4.789999999999942,9.599999999999884,4.278886559999999
4.799999999999942,9.619999999999884,4.268527199999999
4.809999999999942,9.639999999999883,4.257186839999999
4.819999999999942,9.659999999999883,4.24486548
4.8299999999999415,9.679999999999882,4.23156312
4.839999999999941,9.699999999999882,4.217279759999999
4.849999999999941,9.719999999999882,4.2020154
4.859999999999941,9.739999999999881,4.1857700399999995
4.869999999999941,9.75999999999988,4.16854368
4.87999999999994,9.77999999999988,4.15033632
4.88999999999994,9.79999999999988,4.13114796
4.89999999999994,9.81999999999988,4.1109786
4.90999999999994,9.839999999999879,4.08982824
4.9199999999999395,9.859999999999879,4.06769688
4.929999999999939,9.879999999999878,4.04458452
4.939999999999939,9.899999999999878,4.02049116
4.949999999999939,9.919999999999877,3.9954167999999997
4.959999999999939,9.939999999999877,3.9693614399999997
4.9699999999999385,9.959999999999877,3.94232508
4.979999999999938,9.979999999999876,3.91430772
4.989999999999938,9.999999999999876,3.88530936
4.999999999999938,10.019999999999875,3.85533
5.009999999999938,10.039999999999875,3.82436964
5.019999999999937,10.059999999999874,3.79242828
5.029999999999937,10.079999999999874,3.75950592
5.039999999999937,10.099999999999874,3.72560256
5.049999999999937,10.119999999999873,3.6907182
5.0599999999999365,10.139999999999873,3.65485284
5.069999999999936,10.159999999999872,3.61800648
5.079999999999936,10.179999999999872,3.58017912
5.089999999999936,10.199999999999871,3.54137076
5.099999999999936,10.219999999999871,3.5015814
5.1099999999999355,10.23999999999987,3.4608110400000003
5.119999999999935,10.25999999999987,3.41905968
5.129999999999935,10.27999999999987,3.37632732
5.139999999999935,10.29999999999987,3.33261396
5.149999999999935,10.319999999999869,3.2879196000000004
5.159999999999934,10.339999999999868,3.24224424
5.169999999999934,10.359999999999868,3.19558788
5.179999999999934,10.379999999999868,3.14795052
5.189999999999934,10.399999999999867,3.0993321600000003
5.199999999999934,10.419999999999867,3.0497328000000006
5.209999999999933,10.439999999999866,2.9991524400000005
5.219999999999933,10.459999999999866,2.9475910800000005
5.229999999999933,10.479999999999865,2.8950487200000006
5.239999999999933,10.499999999999865,2.8415253600000008
5.2499999999999325,10.519999999999865,2.7870210000000006
5.259999999999932,10.539999999999864,2.7315356400000006
5.269999999999932,10.559999999999864,2.6750692800000007
5.279999999999932,10.579999999999863,2.617621920000001
5.289999999999932,10.599999999999863,2.559193560000001
5.299999999999931,10.619999999999862,2.499784200000001
5.309999999999931,10.639999999999862,2.439393840000001
5.319999999999931,10.659999999999862,2.378022480000001
5.329999999999931,10.679999999999861,2.3156701200000014
5.339999999999931,10.69999999999986,2.2523367600000013
5.34999999999993,10.71999999999986,2.1880224000000013
5.35999999999993,10.73999999999986,2.1227270400000013
5.36999999999993,10.75999999999986,2.0564506800000015
5.37999999999993,10.779999999999859,1.9891933200000016
5.3899999999999295,10.799999999999859,1.9209549600000018
5.399999999999929,10.819999999999858,1.8517356000000018
5.409999999999929,10.839999999999858,1.781535240000002
5.419999999999929,10.859999999999857,1.710353880000002
5.429999999999929,10.879999999999857,1.6381915200000021
5.4399999999999284,10.899999999999856,1.5650481600000024
5.449999999999928,10.919999999999856,1.4909238000000025
5.459999999999928,10.939999999999856,1.4158184400000027
5.469999999999928,10.959999999999855,1.3397320800000028
5.479999999999928,10.979999999999855,1.262664720000003
5.489999999999927,10.999999999999854,1.184616360000003
5.499999999999927,11.019999999999854,1.1055870000000032
5.509999999999927,11.039999999999853,1.0255766400000033
5.519999999999927,11.059999999999853,0.9445852800000034
5.5299999999999265,11.079999999999853,0.8626129200000036
5.539999999999926,11.099999999999852,0.7796595600000037
5.549999999999926,11.119999999999852,0.6957252000000038
5.559999999999926,11.139999999999851,0.6108098400000039
5.569999999999926,11.159999999999851,0.524913480000004
5.5799999999999255,11.17999999999985,0.43803612000000414
5.589999999999925,11.19999999999985,0.3501777600000042
5.599999999999925,11.21999999999985,0.2613384000000043
5.609999999999925,11.23999999999985,0.1715180400000044
5.619999999999925,11.259999999999849,0.08071668000000448
5.629999999999924,11.279999999999848,0
5.639999999999924,11.299999999999848,0.07421068799999994
5.649999999999924,11.319999999999848,0.14744037599999987
5.659999999999924,11.339999999999847,0.21968906399999982
5.6699999999999235,11.359999999999847,0.29095675199999976
5.679999999999923,11.379999999999846,0.3612434399999997
5.689999999999923,11.399999999999846,0.43054912799999967
5.699999999999923,11.419999999999845,0.49887381599999964
5.709999999999923,11.439999999999845,0.5662175039999996
5.7199999999999225,11.459999999999845,0.6325801919999996
5.729999999999922,11.479999999999844,0.6979618799999996
5.739999999999922,11.499999999999844,0.7623625679999996
5.749999999999922,11.519999999999843,0.8257822559999995
5.759999999999922,11.539999999999843,0.8882209439999995
5.769999999999921,11.559999999999842,0.9496786319999995
5.779999999999921,11.579999999999842,1.0101553199999995
5.789999999999921,11.599999999999842,1.0696510079999995
5.799999999999921,11.619999999999841,1.1281656959999995
5.809999999999921,11.63999999999984,1.1856993839999994
5.81999999999992,11.65999999999984,1.2422520719999994
5.82999999999992,11.67999999999984,1.2978237599999995
5.83999999999992,11.69999999999984,1.3524144479999995
5.84999999999992,11.719999999999839,1.4060241359999996
5.8599999999999195,11.739999999999839,1.4586528239999996
5.869999999999919,11.759999999999838,1.5103005119999997
5.879999999999919,11.779999999999838,1.5609671999999997
5.889999999999919,11.799999999999837,1.6106528879999997
5.899999999999919,11.819999999999837,1.6593575759999997
5.909999999999918,11.839999999999836,1.7070812639999997
5.919999999999918,11.859999999999836,1.7538239519999999
5.929999999999918,11.879999999999836,1.7995856399999999
5.939999999999918,11.899999999999835,1.844366328
5.949999999999918,11.919999999999835,1.888166016
5.959999999999917,11.939999999999834,1.930984704
5.969999999999917,11.959999999999834,1.972822392
5.979999999999917,11.979999999999833,2.01367908
5.989999999999917,11.999999999999833,2.053554768
5.9999999999999165,12.019999999999833,2.092449456
6.009999999999916,12.039999999999832,2.1303631440000004
6.019999999999916,12.059999999999832,2.1672958320000006
6.029999999999916,12.079999999999831,2.2032475200000006
6.039999999999916,12.099999999999831,2.2382182080000006
6.0499999999999154,12.11999999999983,2.2722078960000007
6.059999999999915,12.13999999999983,2.305216584000001
6.069999999999915,12.15999999999983,2.337244272000001
6.079999999999915,12.17999999999983,2.368290960000001
6.089999999999915,12.199999999999829,2.398356648000001
6.099999999999914,12.219999999999828,2.427441336000001
6.109999999999914,12.239999999999828,2.455545024000001
6.119999999999914,12.259999999999827,2.482667712000001
6.129999999999914,12.279999999999827,2.508809400000001
6.1399999999999135,12.299999999999827,2.533970088000001
6.149999999999913,12.319999999999826,2.5581497760000014
6.159999999999913,12.339999999999826,2.5813484640000013
6.169999999999913,12.359999999999825,2.6035661520000013
6.179999999999913,12.379999999999825,2.6248028400000014
6.1899999999999125,12.399999999999824,2.6450585280000016
6.199999999999912,12.419999999999824,2.6643332160000015
6.209999999999912,12.439999999999824,2.6826269040000015
6.219999999999912,12.459999999999823,2.6999395920000016
6.229999999999912,12.479999999999823,2.7162712800000017
6.239999999999911,12.499999999999822,2.7316219680000016
6.249999999999911,12.519999999999822,2.7459916560000015
6.259999999999911,12.539999999999822,2.7593803440000015
6.269999999999911,12.559999999999821,2.7717880320000017
6.2799999999999105,12.57999999999982,2.783214720000002
6.28999999999991,12.59999999999982,2.793660408000002
6.29999999999991,12.61999999999982,2.803125096000002
6.30999999999991,12.63999999999982,2.811608784000002
6.31999999999991,12.659999999999819,2.819111472000002
6.3299999999999095,12.679999999999819,2.825633160000002
6.339999999999909,12.699999999999818,2.831173848000002
6.349999999999909,12.719999999999818,2.835733536000002
6.359999999999909,12.739999999999817,2.839312224000002
6.369999999999909,12.759999999999817,2.841909912000002
6.379999999999908,12.779999999999816,2.843526600000002
6.389999999999908,12.799999999999816,2.844162288000002
6.399999999999908,12.819999999999816,2.843816976000002
6.409999999999908,12.839999999999815,2.8424906640000023
6.419999999999908,12.859999999999815,2.840183352000002
6.429999999999907,12.879999999999814,2.836895040000002
6.439999999999907,12.899999999999814,2.8326257280000022
6.449999999999907,12.919999999999813,2.8273754160000024
6.459999999999907,12.939999999999813,2.8211441040000023
6.4699999999999065,12.959999999999813,2.813931792000002
6.479999999999906,12.979999999999812,2.8057384800000023
6.489999999999906,12.999999999999812,2.7965641680000024
6.499999999999906,13.019999999999811,2.7864088560000027
6.509999999999906,13.03999999999981,2.7752725440000026
6.519999999999905,13.05999999999981,2.7631552320000026
6.529999999999905,13.07999999999981,2.7500569200000027
6.539999999999905,13.09999999999981,2.735977608000003
6.549999999999905,13.11999999999981,2.7209172960000028
6.559999999999905,13.139999999999809,2.7048759840000027
6.569999999999904,13.159999999999808,2.687853672000003
6.579999999999904,13.179999999999808,2.669850360000003
6.589999999999904,13.199999999999807,2.650866048000003
6.599999999999904,13.219999999999807,2.6309007360000027
6.6099999999999035,13.239999999999807,2.6099544240000028
6.619999999999903,13.259999999999806,2.588027112000003
6.629999999999903,13.279999999999806,2.565118800000003
6.639999999999903,13.299999999999805,2.541229488000003
6.649999999999903,13.319999999999805,2.516359176000003
6.659999999999902,13.339999999999804,2.490507864000003
6.669999999999902,13.359999999999804,2.4636755520000033
6.679999999999902,13.379999999999804,2.435862240000003
6.689999999999902,13.399999999999803,2.407067928000003
6.699999999999902,13.419999999999803,2.377292616000003
6.709999999999901,13.439999999999802,2.3465363040000033
6.719999999999901,13.459999999999802,2.314798992000003
6.729999999999901,13.479999999999801,2.282080680000003
6.739999999999901,13.499999999999801,2.248381368000003
6.7499999999999005,13.5199999999998,2.213701056000003
6.7599999999999,13.5399999999998,2.1780397440000034
6.7699999999999,13.5599999999998,2.1413974320000033
6.7799999999999,13.5799999999998,2.1037741200000033
6.7899999999999,13.599999999999799,2.0651698080000034
6.7999999999998995,13.619999999999798,2.0255844960000036
6.809999999999899,13.639999999999798,1.9850181840000036
6.819999999999899,13.659999999999798,1.9434708720000036
6.829999999999899,13.679999999999797,1.9009425600000036
6.839999999999899,13.699999999999797,1.8574332480000035
6.849999999999898,13.719999999999796,1.8129429360000036
6.859999999999898,13.739999999999796,1.7674716240000037
6.869999999999898,13.759999999999796,1.7210193120000037
6.879999999999898,13.779999999999795,1.6735860000000038
6.8899999999998975,13.799999999999795,1.6251716880000038
6.899999999999897,13.819999999999794,1.5757763760000039
6.909999999999897,13.839999999999794,1.5254000640000038
6.919999999999897,13.859999999999793,1.474042752000004
6.929999999999897,13.879999999999793,1.421704440000004
6.9399999999998965,13.899999999999793,1.3683851280000041
6.949999999999896,13.919999999999792,1.3140848160000043
6.959999999999896,13.939999999999792,1.2588035040000043
6.969999999999896,13.959999999999791,1.2025411920000044
6.979999999999896,13.97999999999979,1.1452978800000044
6.989999999999895,13.99999999999979,1.0870735680000045
6.999999999999895,14.01999999999979,1.0278682560000045
7.009999999999895,14.03999999999979,0.9676819440000046
7.019999999999895,14.059999999999789,0.9065146320000047
7.0299999999998946,14.079999999999789,0.8443663200000048
7.039999999999894,14.099999999999788,0.7812370080000048
7.049999999999894,14.119999999999788,0.7171266960000049
7.059999999999894,14.139999999999787,0.652035384000005
7.069999999999894,14.159999999999787,0.5859630720000052
7.0799999999998935,14.179999999999787,0.5189097600000053
7.089999999999893,14.199999999999786,0.45087544800000545
7.099999999999893,14.219999999999786,0.38186013600000557
7.109999999999893,14.239999999999785,0.3118638240000057
7.119999999999893,14.259999999999785,0.2408865120000058
7.129999999999892,14.279999999999784,0.1689282000000059
7.139999999999892,14.299999999999784,0.09598888800000605
7.149999999999892,14.319999999999784,0.022068576000006182
7.159999999999892,14.339999999999783,0
7.169999999999892,14.359999999999783,0.06070584959999988
7.179999999999891,14.379999999999782,0.12043069919999977
7.189999999999891,14.399999999999782,0.17917454879999967
7.199999999999891,14.419999999999781,0.23693739839999955
7.209999999999891,14.439999999999781,0.29371924799999943
7.2199999999998905,14.45999999999978,0.34952009759999936
7.22999999999989,14.47999999999978,0.4043399471999993
7.23999999999989,14.49999999999978,0.4581787967999992
7.24999999999989,14.51999999999978,0.5110366463999991
7.25999999999989,14.539999999999779,0.5629134959999991
7.269999999999889,14.559999999999778,0.613809345599999
7.279999999999889,14.579999999999778,0.6637241951999989
7.289999999999889,14.599999999999778,0.7126580447999988
7.299999999999889,14.619999999999777,0.7606108943999987
7.309999999999889,14.639999999999777,0.8075827439999986
7.319999999999888,14.659999999999776,0.8535735935999986
7.329999999999888,14.679999999999776,0.8985834431999986
7.339999999999888,14.699999999999775,0.9426122927999986
7.349999999999888,14.719999999999775,0.9856601423999986
7.3599999999998875,14.739999999999775,1.0277269919999985
7.369999999999887,14.759999999999774,1.0688128415999985
7.379999999999887,14.779999999999774,1.1089176911999985
7.389999999999887,14.799999999999773,1.1480415407999984
7.399999999999887,14.819999999999773,1.1861843903999985
7.4099999999998865,14.839999999999772,1.2233462399999984
7.419999999999886,14.859999999999772,1.2595270895999984
7.429999999999886,14.879999999999772,1.2947269391999983
7.439999999999886,14.899999999999771,1.3289457887999983
7.449999999999886,14.91999999999977,1.3621836383999981
7.459999999999885,14.93999999999977,1.394440487999998
7.469999999999885,14.95999999999977,1.425716337599998
7.479999999999885,14.97999999999977,1.456011187199998
7.489999999999885,14.999999999999769,1.485325036799998
7.4999999999998845,15.019999999999769,1.5136578863999979
7.509999999999884,15.039999999999768,1.541009735999998
7.519999999999884,15.059999999999768,1.5673805855999978
7.529999999999884,15.079999999999767,1.5927704351999978
7.539999999999884,15.099999999999767,1.6171792847999977
7.5499999999998835,15.119999999999767,1.6406071343999977
7.559999999999883,15.139999999999766,1.6630539839999976
7.569999999999883,15.159999999999766,1.6845198335999976
7.579999999999883,15.179999999999765,1.7050046831999974
7.589999999999883,15.199999999999765,1.7245085327999974
7.599999999999882,15.219999999999764,1.7430313823999972
7.609999999999882,15.239999999999764,1.7605732319999972
7.619999999999882,15.259999999999764,1.7771340815999972
7.629999999999882,15.279999999999763,1.7927139311999971
7.6399999999998816,15.299999999999763,1.8073127807999971
7.649999999999881,15.319999999999762,1.820930630399997
7.659999999999881,15.339999999999762,1.833567479999997
7.669999999999881,15.359999999999761,1.845223329599997
7.679999999999881,15.379999999999761,1.855898179199997
7.6899999999998805,15.39999999999976,1.8655920287999967
7.69999999999988,15.41999999999976,1.8743048783999967
7.70999999999988,15.43999999999976,1.8820367279999966
7.71999999999988,15.45999999999976,1.8887875775999965
7.72999999999988,15.479999999999759,1.8945574271999965
7.739999999999879,15.499999999999758,1.8993462767999965
7.749999999999879,15.519999999999758,1.9031541263999965
7.759999999999879,15.539999999999758,1.9059809759999964
7.769999999999879,15.559999999999757,1.9078268255999964
7.779999999999879,15.579999999999757,1.9086916751999963
7.789999999999878,15.599999999999756,1.9085755247999963
7.799999999999878,15.619999999999756,1.9074783743999961
7.809999999999878,15.639999999999755,1.905400223999996
7.819999999999878,15.659999999999755,1.902341073599996
7.8299999999998775,15.679999999999755,1.8983009231999959
7.839999999999877,15.699999999999754,1.8932797727999957
7.849999999999877,15.719999999999754,1.8872776223999956
7.859999999999877,15.739999999999753,1.8802944719999957
7.869999999999877,15.759999999999753,1.8723303215999956
7.879999999999876,15.779999999999752,1.8633851711999956
7.889999999999876,15.799999999999752,1.8534590207999955
7.899999999999876,15.819999999999752,1.8425518703999955
7.909999999999876,15.839999999999751,1.8306637199999953
7.919999999999876,15.85999999999975,1.8177945695999953
7.929999999999875,15.87999999999975,1.8039444191999952
7.939999999999875,15.89999999999975,1.789113268799995
7.949999999999875,15.91999999999975,1.773301118399995
7.959999999999875,15.939999999999749,1.7565079679999949
7.9699999999998745,15.959999999999749,1.738733817599995
7.979999999999874,15.979999999999748,1.7199786671999948
7.989999999999874,15.999999999999748,1.7002425167999948
7.999999999999874,16.019999999999747,1.6795253663999947
8.009999999999874,16.039999999999747,1.6578272159999947
8.019999999999873,16.059999999999746,1.6351480655999946
8.029999999999873,16.079999999999746,1.6114879151999946
8.039999999999873,16.099999999999746,1.5868467647999944
8.049999999999873,16.119999999999745,1.5612246143999944
8.059999999999873,16.139999999999745,1.5346214639999942
8.069999999999872,16.159999999999744,1.5070373135999942
8.079999999999872,16.179999999999744,1.478472163199994
8.089999999999872,16.199999999999743,1.448926012799994
8.099999999999872,16.219999999999743,1.418398862399994
8.109999999999872,16.239999999999743,1.3868907119999938
8.119999999999871,16.259999999999742,1.3544015615999938
8.129999999999871,16.279999999999742,1.3209314111999937
8.139999999999871,16.29999999999974,1.2864802607999937
8.14999999999987,16.31999999999974,1.2510481103999935
8.15999999999987,16.33999999999974,1.2146349599999935
8.16999999999987,16.35999999999974,1.1772408095999933
8.17999999999987,16.37999999999974,1.1388656591999933
8.18999999999987,16.39999999999974,1.099509508799993
8.19999999999987,16.41999999999974,1.059172358399993
8.20999999999987,16.43999999999974,1.017854207999993
8.21999999999987,16.459999999999738,0.975555057599993
8.229999999999869,16.479999999999738,0.9322749071999928
8.239999999999869,16.499999999999737,0.8880137567999927
8.249999999999869,16.519999999999737,0.8427716063999926
8.259999999999868,16.539999999999736,0.7965484559999926
8.269999999999868,16.559999999999736,0.7493443055999925
8.279999999999868,16.579999999999735,0.7011591551999925
8.289999999999868,16.599999999999735,0.6519930047999924
8.299999999999867,16.619999999999735,0.6018458543999924
8.309999999999867,16.639999999999734,0.5507177039999923
8.319999999999867,16.659999999999734,0.4986085535999923
8.329999999999867,16.679999999999733,0.44551840319999225
8.339999999999867,16.699999999999733,0.3914472527999922
8.349999999999866,16.719999999999732,0.33639510239999215
8.359999999999866,16.739999999999732,0.28036195199999214
8.369999999999866,16.75999999999973,0.22334780159999212
8.379999999999866,16.77999999999973,0.1653526511999921
8.389999999999866,16.79999999999973,0.10637650079999209
8.399999999999865,16.81999999999973,0.04641935039999207
8.409999999999865,16.83999999999973,0
8.419999999999865,16.85999999999973,0.04953532032000001
8.429999999999865,16.87999999999973,0.09808964064000003
8.439999999999864,16.89999999999973,0.14566296096000003
8.449999999999864,16.919999999999728,0.19225528128000005
8.459999999999864,16.939999999999728,0.23786660160000006
8.469999999999864,16.959999999999727,0.2824969219200001
8.479999999999864,16.979999999999727,0.3261462422400001
8.489999999999863,16.999999999999726,0.3688145625600001
8.499999999999863,17.019999999999726,0.41050188288000017
8.509999999999863,17.039999999999726,0.4512082032000002
8.519999999999863,17.059999999999725,0.49093352352000025
8.529999999999863,17.079999999999725,0.5296778438400003
8.539999999999862,17.099999999999724,0.5674411641600003
8.549999999999862,17.119999999999724,0.6042234844800004
8.559999999999862,17.139999999999723,0.6400248048000005
8.569999999999862,17.159999999999723,0.6748451251200005
8.579999999999862,17.179999999999723,0.7086844454400005
8.589999999999861,17.199999999999722,0.7415427657600006
8.599999999999861,17.21999999999972,0.7734200860800006
8.60999999999986,17.23999999999972,0.8043164064000006
8.61999999999986,17.25999999999972,0.8342317267200006
8.62999999999986,17.27999999999972,0.8631660470400006
8.63999999999986,17.29999999999972,0.8911193673600006
8.64999999999986,17.31999999999972,0.9180916876800007
8.65999999999986,17.33999999999972,0.9440830080000008
8.66999999999986,17.35999999999972,0.9690933283200008
8.67999999999986,17.37999999999972,0.9931226486400009
8.68999999999986,17.399999999999718,1.016170968960001
8.699999999999859,17.419999999999717,1.038238289280001
8.709999999999859,17.439999999999717,1.059324609600001
8.719999999999859,17.459999999999717,1.0794299299200012
8.729999999999858,17.479999999999716,1.0985542502400012
8.739999999999858,17.499999999999716,1.1166975705600013
8.749999999999858,17.519999999999715,1.1338598908800013
8.759999999999858,17.539999999999715,1.1500412112000014
8.769999999999857,17.559999999999715,1.1652415315200013
8.779999999999857,17.579999999999714,1.1794608518400014
8.789999999999857,17.599999999999714,1.1926991721600013
8.799999999999857,17.619999999999713,1.2049564924800014
8.809999999999857,17.639999999999713,1.2162328128000013
8.819999999999856,17.659999999999712,1.2265281331200013
8.829999999999856,17.679999999999712,1.2358424534400014
8.839999999999856,17.69999999999971,1.2441757737600014
8.849999999999856,17.71999999999971,1.2515280940800015
8.859999999999856,17.73999999999971,1.2578994144000015
8.869999999999855,17.75999999999971,1.2632897347200016
8.879999999999855,17.77999999999971,1.2676990550400016
8.889999999999855,17.79999999999971,1.2711273753600016
8.899999999999855,17.81999999999971,1.2735746956800016
8.909999999999854,17.83999999999971,1.2750410160000016
8.919999999999854,17.859999999999708,1.2755263363200016
8.929999999999854,17.879999999999708,1.2750306566400016
8.939999999999854,17.899999999999707,1.2735539769600017
8.949999999999854,17.919999999999707,1.2710962972800017
8.959999999999853,17.939999999999706,1.2676576176000018
8.969999999999853,17.959999999999706,1.2632379379200018
8.979999999999853,17.979999999999706,1.257837258240002
8.989999999999853,17.999999999999705,1.251455578560002
8.999999999999853,18.019999999999705,1.244092898880002
9.009999999999852,18.039999999999704,1.235749219200002
9.019999999999852,18.059999999999704,1.226424539520002
9.029999999999852,18.079999999999703,1.216118859840002
9.039999999999852,18.099999999999703,1.204832180160002
9.049999999999851,18.119999999999703,1.1925645004800018
9.059999999999851,18.139999999999702,1.1793158208000019
9.069999999999851,18.1599999999997,1.165086141120002
9.07999999999985,18.1799999999997,1.149875461440002
9.08999999999985,18.1999999999997,1.133683781760002
9.09999999999985,18.2199999999997,1.116511102080002
9.10999999999985,18.2399999999997,1.0983574224000021
9.11999999999985,18.2599999999997,1.079222742720002
9.12999999999985,18.2799999999997,1.0591070630400021
9.13999999999985,18.2999999999997,1.038010383360002
9.14999999999985,18.3199999999997,1.015932703680002
9.15999999999985,18.339999999999698,0.9928740240000021
9.169999999999849,18.359999999999697,0.9688343443200021
9.179999999999849,18.379999999999697,0.9438136646400022
9.189999999999849,18.399999999999697,0.9178119849600022
9.199999999999848,18.419999999999696,0.8908293052800021
9.209999999999848,18.439999999999696,0.8628656256000021
9.219999999999848,18.459999999999695,0.8339209459200021
9.229999999999848,18.479999999999695,0.8039952662400021
9.239999999999847,18.499999999999694,0.773088586560002
9.249999999999847,18.519999999999694,0.7412009068800021
9.259999999999847,18.539999999999694,0.7083322272000021
9.269999999999847,18.559999999999693,0.6744825475200021
9.279999999999847,18.579999999999693,0.6396518678400022
9.289999999999846,18.599999999999692,0.6038401881600022
9.299999999999846,18.619999999999692,0.5670475084800022
9.309999999999846,18.63999999999969,0.5292738288000022
9.319999999999846,18.65999999999969,0.49051914912000216
9.329999999999846,18.67999999999969,0.45078346944000214
9.339999999999845,18.69999999999969,0.41006678976000216
9.349999999999845,18.71999999999969,0.36836911008000217
9.359999999999845,18.73999999999969,0.3256904304000022
9.369999999999845,18.75999999999969,0.28203075072000217
9.379999999999844,18.77999999999969,0.23739007104000218
9.389999999999844,18.799999999999688,0.1917683913600022
9.399999999999844,18.819999999999688,0.14516571168000222
9.409999999999844,18.839999999999687,0.09758203200000225
9.419999999999844,18.859999999999687,0.049017352320002275
9.429999999999843,18.879999999999686,0
9.439999999999843,18.899999999999686,0.04042134374399997
9.449999999999843,18.919999999999686,0.07986168748799993
9.459999999999843,18.939999999999685,0.11832103123199991
9.469999999999843,18.959999999999685,0.15579937497599988
9.479999999999842,18.979999999999684,0.19229671871999984
9.489999999999842,18.999999999999684,0.22781306246399982
9.499999999999842,19.019999999999683,0.2623484062079998
9.509999999999842,19.039999999999683,0.2959027499519998
9.519999999999841,19.059999999999683,0.3284760936959997
9.529999999999841,19.079999999999682,0.3600684374399997
9.539999999999841,19.09999999999968,0.3906797811839997
9.54999999999984,19.11999999999968,0.4203101249279997
9.55999999999984,19.13999999999968,0.44895946867199965
9.56999999999984,19.15999999999968,0.4766278124159996
9.57999999999984,19.17999999999968,0.5033151561599996
9.58999999999984,19.19999999999968,0.5290214999039995
9.59999999999984,19.21999999999968,0.5537468436479994
9.60999999999984,19.23999999999968,0.5774911873919993
9.61999999999984,19.25999999999968,0.6002545311359992
9.62999999999984,19.279999999999678,0.6220368748799993
9.639999999999839,19.299999999999677,0.6428382186239993
9.649999999999839,19.319999999999677,0.6626585623679992
9.659999999999838,19.339999999999677,0.6814979061119992
9.669999999999838,19.359999999999676,0.6993562498559992
9.679999999999838,19.379999999999676,0.7162335935999992
9.689999999999838,19.399999999999675,0.7321299373439991
9.699999999999838,19.419999999999675,0.7470452810879991
9.709999999999837,19.439999999999674,0.760979624831999
9.719999999999837,19.459999999999674,0.7739329685759989
9.729999999999837,19.479999999999674,0.7859053123199988
9.739999999999837,19.499999999999673,0.7968966560639987
9.749999999999837,19.519999999999673,0.8069069998079986
9.759999999999836,19.539999999999672,0.8159363435519986
9.769999999999836,19.559999999999672,0.8239846872959986
9.779999999999836,19.57999999999967,0.8310520310399986
9.789999999999836,19.59999999999967,0.8371383747839986
9.799999999999836,19.61999999999967,0.8422437185279985
9.809999999999835,19.63999999999967,0.8463680622719985
9.819999999999835,19.65999999999967,0.8495114060159984
9.829999999999835,19.67999999999967,0.8516737497599983
9.839999999999835,19.69999999999967,0.8528550935039982
9.849999999999834,19.71999999999967,0.8530554372479981
9.859999999999834,19.739999999999668,0.852274780991998
9.869999999999834,19.759999999999668,0.850513124735998
9.879999999999834,19.779999999999667,0.847770468479998
9.889999999999834,19.799999999999667,0.844046812223998
9.899999999999833,19.819999999999666,0.839342155967998
9.909999999999833,19.839999999999666,0.833656499711998
9.919999999999833,19.859999999999665,0.8269898434559979
9.929999999999833,19.879999999999665,0.8193421871999979
9.939999999999833,19.899999999999665,0.8107135309439978
9.949999999999832,19.919999999999664,0.8011038746879977
9.959999999999832,19.939999999999664,0.7905132184319976
9.969999999999832,19.959999999999663,0.7789415621759975
9.979999999999832,19.979999999999663,0.7663889059199974
9.989999999999831,19.999999999999662,0.7528552496639974
9.999999999999831,20.019999999999662,0.7383405934079974
